id,name,url,preview_ingredients,ingredients,steps,combined_text,image_path
476189,涼拌大白菜,https://icook.tw/recipes/476189,山東大白菜、蔥段、乾辣椒絲、香菜、蒜末、味醂、鹽巴、白醋、花生米、醬油、白胡椒粉、香油,山東大白菜半個 | 蔥段1根 | 香菜1根 | 鹽巴適量 | 花生米適量 | 乾辣椒絲適量 | 蒜末適量 | 味醂2大匙 | 白醋1大匙 | 醬油1大匙 | 白胡椒粉適量 | 香油適量,乾辣椒切成絲，去籽備用 | 食材用流動水清洗乾淨 | 晾乾水份 | 切絲 | 蔥切成蔥花，香菜切小段 | 切好的蒜末加入辣椒絲裡面 | 備料完成 | 熱油淋入辣椒絲蒜末，激發出香氣 | 攪拌備用 | 把調味2混合均勻 | 加入適量的鹽巴輕輕抓拌均勻（不能加太多鹽，因為調味料2已經有醬油） | 加入已經攪拌均勻的調味料2 | 再加入調味料1 | 加入花生米 | 全部拌勻就可以,涼拌大白菜。食材：山東大白菜半個，蔥段1根，香菜1根，鹽巴適量，花生米適量，乾辣椒絲適量，蒜末適量，味醂2大匙，白醋1大匙，醬油1大匙，白胡椒粉適量，香油適量。做法：乾辣椒切成絲，去籽備用，食材用流動水清洗乾淨，晾乾水份，切絲，蔥切成蔥花，香菜切小段，切好的蒜末加入辣椒絲裡面，備料完成，熱油淋入辣椒絲蒜末，激發出香氣，攪拌備用，把調味2混合均勻，加入適量的鹽巴輕輕抓拌均勻（不能加太多鹽，因為調味料2已經有醬油），加入已經攪拌均勻的調味料2，再加入調味料1，加入花生米，全部拌勻就可以。,大白菜/476189_涼拌大白菜.jpg
472702,大白菜捲,https://icook.tw/recipes/472702,絞肉、醬油、黑麻油、白胡椒、薑泥蒜泥、青蔥、大白菜,絞肉0.5盒 | 醬油1大匙 | 黑麻油1大匙 | 白胡椒適量 | 薑泥蒜泥適量 | 青蔥0.5支 | 大白菜8片,將絞肉取出 | 加點白胡椒 | 青蔥 | 一大匙麻油、醬油混合均勻 | 燙大白菜約一分鐘，讓葉梗好折 | 包入絞肉後捲起來 | 最後將葉子往內包 | 用義大利麵固定 | 完成啦，煮火鍋、關東煮、清蒸都好用喔,大白菜捲。食材：絞肉0.5盒，醬油1大匙，黑麻油1大匙，白胡椒適量，薑泥蒜泥適量，青蔥0.5支，大白菜8片。做法：將絞肉取出，加點白胡椒，青蔥，一大匙麻油、醬油混合均勻，燙大白菜約一分鐘，讓葉梗好折，包入絞肉後捲起來，最後將葉子往內包，用義大利麵固定，完成啦，煮火鍋、關東煮、清蒸都好用喔。,大白菜/472702_大白菜捲.jpg
471026,滷大白菜,https://icook.tw/recipes/471026,圓形大白菜、雞蛋、鹽巴、乾蝦仁、胡椒粉、乾香菇、醬油、豬肉絲、乾干貝（可省）、鳥蛋（可省）,圓形大白菜1顆 | 雞蛋3個 | 乾蝦仁1把 | 乾香菇6朵 | 豬肉絲30克 | 乾干貝（可省）20克 | 鳥蛋（可省）10個 | 鹽巴適量 | 胡椒粉適量 | 醬油1大匙,香菇泡軟後切絲 | 蝦仁，干貝泡軟。留下浸泡後的水當湯底。 | 豬肉絲用鹽巴、胡椒粉及醬油醃 | 鳥蛋炸酥 | 蛋打成蛋液，以漏勺滴漏炸成蛋酥，直到蛋香味出來及起泡酥黃 | 蛋酥炸好撈出備用，同鍋加油將香菇絲、肉絲、干貝及蝦仁爆香 | 加入泡發蝦仁及干貝的水並放入洗淨切成長條狀之大白菜蓋上鍋蓋燜軟。 | 達到白菜煮軟出水後放入蛋酥及炸過的鳥蛋，如果敢吃辣可以加一點辣椒，加鹽巴及胡椒粉調味即可,滷大白菜。食材：圓形大白菜1顆，雞蛋3個，乾蝦仁1把，乾香菇6朵，豬肉絲30克，乾干貝（可省）20克，鳥蛋（可省）10個，鹽巴適量，胡椒粉適量，醬油1大匙。做法：香菇泡軟後切絲，蝦仁，干貝泡軟。留下浸泡後的水當湯底。，豬肉絲用鹽巴、胡椒粉及醬油醃，鳥蛋炸酥，蛋打成蛋液，以漏勺滴漏炸成蛋酥，直到蛋香味出來及起泡酥黃，蛋酥炸好撈出備用，同鍋加油將香菇絲、肉絲、干貝及蝦仁爆香，加入泡發蝦仁及干貝的水並放入洗淨切成長條狀之大白菜蓋上鍋蓋燜軟。，達到白菜煮軟出水後放入蛋酥及炸過的鳥蛋，如果敢吃辣可以加一點辣椒，加鹽巴及胡椒粉調味即可。,大白菜/471026_滷大白菜.jpg
474469,大白菜煨豆腐湯,https://icook.tw/recipes/474469,大白菜、板豆腐、雞蛋、豆皮、薑、蔥花、安食小品醬鹽、安食小品柴魚粉、白胡椒粉,大白菜1/2顆 | 板豆腐1塊 | 雞蛋1顆 | 豆皮1盒 | 薑1小塊 | 蔥花1把 | 安食小品醬鹽2小匙 | 安食小品柴魚粉1小匙 | 白胡椒粉1匙,"▪️大白菜切好洗乾淨備用
▪️板豆腐用紙巾壓出水後，切片，沾滿蛋液 | ▪️熱油鍋，煸薑片，煎豆腐至上色後，加入滾水，蓋上鍋蓋大滾5分鐘，至湯變成乳白色 | ▪️加入豆皮、大白菜、白胡椒粉、醬鹽、柴魚粉調味 | ▪️蓋上鍋蓋煮滾，完成✅","大白菜煨豆腐湯。食材：大白菜1/2顆，板豆腐1塊，雞蛋1顆，豆皮1盒，薑1小塊，蔥花1把，安食小品醬鹽2小匙，安食小品柴魚粉1小匙，白胡椒粉1匙。做法：▪️大白菜切好洗乾淨備用
▪️板豆腐用紙巾壓出水後，切片，沾滿蛋液，▪️熱油鍋，煸薑片，煎豆腐至上色後，加入滾水，蓋上鍋蓋大滾5分鐘，至湯變成乳白色，▪️加入豆皮、大白菜、白胡椒粉、醬鹽、柴魚粉調味，▪️蓋上鍋蓋煮滾，完成✅。",大白菜/474469_大白菜煨豆腐湯.jpg
451304,包心大白菜炒火腿絲,https://icook.tw/recipes/451304,包心大白菜、火腿、雞粉、蒜末、糖、鹽、日式醬油,包心大白菜1顆 | 火腿4片 | 蒜末1大匙 | 雞粉1大匙 | 糖1小匙 | 鹽2小匙 | 日式醬油1大匙,"大白菜切塊洗淨備用、火腿片切絲 | 熱油鍋加入蒜末爆香後放入大白菜及少許水悶煮 | 待白菜煮自軟爛後放入日式醬油、糖、雞粉、鹽巴
加入火腿絲翻炒均勻","包心大白菜炒火腿絲。食材：包心大白菜1顆，火腿4片，蒜末1大匙，雞粉1大匙，糖1小匙，鹽2小匙，日式醬油1大匙。做法：大白菜切塊洗淨備用、火腿片切絲，熱油鍋加入蒜末爆香後放入大白菜及少許水悶煮，待白菜煮自軟爛後放入日式醬油、糖、雞粉、鹽巴
加入火腿絲翻炒均勻。",大白菜/451304_包心大白菜炒火腿絲.jpg
463863,大白菜煎餅,https://icook.tw/recipes/463863,大白菜、雞蛋、黑芝麻、麵粉、鹽巴、香油、水,大白菜200克 | 雞蛋3顆 | 黑芝麻1小匙 | 麵粉2大匙 | 鹽巴2小匙 | 香油1大匙 | 水2大匙,"食材 | ❶大白菜切絲 | ❷雞蛋+鹽、香油、麵粉和水，攪拌均勻打散，然後拌入白菜絲拌勻 | ❸平底鍋熱油，倒入白菜蛋糊，鍋鏟均勻整型，小火慢煎至定型且底部無沾黏，再翻面煎熟
❹煎至表面金黃焦香，撒點芝麻即可起鍋","大白菜煎餅。食材：大白菜200克，雞蛋3顆，黑芝麻1小匙，麵粉2大匙，鹽巴2小匙，香油1大匙，水2大匙。做法：食材，❶大白菜切絲，❷雞蛋+鹽、香油、麵粉和水，攪拌均勻打散，然後拌入白菜絲拌勻，❸平底鍋熱油，倒入白菜蛋糊，鍋鏟均勻整型，小火慢煎至定型且底部無沾黏，再翻面煎熟
❹煎至表面金黃焦香，撒點芝麻即可起鍋。",大白菜/463863_大白菜煎餅.jpg
473080,富貴花開一大白菜燒肉,https://icook.tw/recipes/473080,大白菜、新東陽培根片、白蘿蔔、火鍋牛肉片、蔥段、薑泥,大白菜1顆 | 新東陽培根片10片 | 白蘿蔔1小塊 | 火鍋牛肉片1盒 | 蔥段1支 | 薑泥1大匙,"白菜洗淨，一片白菜一片肉 | 加火鍋牛肉（豬肉片）片 | 3-4片白菜堆疊後切塊，大小切成鍋子的高度
（一片可切成3塊）
底部切根蔥段及薑泥 | 排排站好⋯塞緊
倒入磨好泥的白蘿蔔（沒有也可以，加小半碗的水也可以） | 中小火煮至熟透約15-20分鐘 | 蘿蔔泥倒入，利用蘿蔔泥的汁煮後非常甜 | 煮到軟塌變熟了非常快","富貴花開一大白菜燒肉。食材：大白菜1顆，新東陽培根片10片，白蘿蔔1小塊，火鍋牛肉片1盒，蔥段1支，薑泥1大匙。做法：白菜洗淨，一片白菜一片肉，加火鍋牛肉（豬肉片）片，3-4片白菜堆疊後切塊，大小切成鍋子的高度
（一片可切成3塊）
底部切根蔥段及薑泥，排排站好⋯塞緊
倒入磨好泥的白蘿蔔（沒有也可以，加小半碗的水也可以），中小火煮至熟透約15-20分鐘，蘿蔔泥倒入，利用蘿蔔泥的汁煮後非常甜，煮到軟塌變熟了非常快。",大白菜/473080_富貴花開一大白菜燒肉.jpg
470308,涼拌大白菜(五辛素),https://icook.tw/recipes/470308,山東大白菜、胡蘿蔔、香油、乾辣椒、白醋、青蔥、白糖、香菜、食鹽、蒜頭、味精,山東大白菜8片 | 胡蘿蔔4片 | 乾辣椒1支 | 青蔥1支 | 香菜1株 | 蒜頭2瓣 | 香油1大匙 | 白醋1大匙 | 白糖1大匙 | 食鹽¼茶匙 | 味精¼茶匙,白菜摘成一片片洗淨，把白菜梆子摞起來，斜刀切成細絲【只要菜梆子，不要菜葉】 | 加入胡蘿蔔絲、蔥段、香菜段、蒜末，乾辣椒用剪子絞成絲絲，全部攬入盆中 | 白糖、白醋、鹽、味精攪拌均勻 | 盆中加入香油，用筷子挑拌使蔬菜裹滿香油，然後再淋入糖醋汁，輕輕翻拌均勻【避免揉搓抓捏，才能保持脆爽】 | 這款涼菜要現拌現吃，喜歡入味一點就靜置5分鐘再吃,涼拌大白菜(五辛素)。食材：山東大白菜8片，胡蘿蔔4片，乾辣椒1支，青蔥1支，香菜1株，蒜頭2瓣，香油1大匙，白醋1大匙，白糖1大匙，食鹽¼茶匙，味精¼茶匙。做法：白菜摘成一片片洗淨，把白菜梆子摞起來，斜刀切成細絲【只要菜梆子，不要菜葉】，加入胡蘿蔔絲、蔥段、香菜段、蒜末，乾辣椒用剪子絞成絲絲，全部攬入盆中，白糖、白醋、鹽、味精攪拌均勻，盆中加入香油，用筷子挑拌使蔬菜裹滿香油，然後再淋入糖醋汁，輕輕翻拌均勻【避免揉搓抓捏，才能保持脆爽】，這款涼菜要現拌現吃，喜歡入味一點就靜置5分鐘再吃。,大白菜/470308_涼拌大白菜(五辛素).jpg
455364,絞肉炒包心大白菜,https://icook.tw/recipes/455364,絞肉、包心白菜、雞粉、鹽巴、日式醬油,絞肉200克 | 包心白菜1顆 | 雞粉1大匙 | 鹽巴1小匙 | 日式醬油2匙,絞肉下鍋炒香，加入雞粉和鹽巴繼續翻炒。 | 倒入洗淨切塊的大白菜，加少許水蓋鍋悶至菜軟化 | 加入日式醬油調味即可,絞肉炒包心大白菜。食材：絞肉200克，包心白菜1顆，雞粉1大匙，鹽巴1小匙，日式醬油2匙。做法：絞肉下鍋炒香，加入雞粉和鹽巴繼續翻炒。，倒入洗淨切塊的大白菜，加少許水蓋鍋悶至菜軟化，加入日式醬油調味即可。,大白菜/455364_絞肉炒包心大白菜.jpg
449548,大白菜炒米粉,https://icook.tw/recipes/449548,米粉、大白菜、醬油、香菇、雞粉、紅蘿蔔絲、糖、胡椒粉,米粉1包 | 大白菜1顆 | 香菇4朵 | 紅蘿蔔絲1大匙 | 醬油2大匙 | 雞粉1匙 | 糖1小匙 | 胡椒粉1茶匙,米粉泡水泡軟備，乾香菇泡水切絲，大白菜切塊 | 豬油爆香香菇絲放入大白菜返炒蓋鍋悶軟 | 加入兩杯水及紅蘿蔔絲放入調味料及米粉拌炒即可,大白菜炒米粉。食材：米粉1包，大白菜1顆，香菇4朵，紅蘿蔔絲1大匙，醬油2大匙，雞粉1匙，糖1小匙，胡椒粉1茶匙。做法：米粉泡水泡軟備，乾香菇泡水切絲，大白菜切塊，豬油爆香香菇絲放入大白菜返炒蓋鍋悶軟，加入兩杯水及紅蘿蔔絲放入調味料及米粉拌炒即可。,大白菜/449548_大白菜炒米粉.jpg
457864,大白菜鹹粥,https://icook.tw/recipes/457864,白米飯（約一杯米）、大白菜、洋蔥、蒜頭、蝦米、乾香菇、鹽、蝦仁、水、白胡椒,白米飯（約一杯米）2 碗 | 大白菜半 顆 | 洋蔥1 顆 | 蒜頭7 瓣 | 蝦米些許 | 乾香菇2 朵 | 鹽1-2 小匙 | 蝦仁8 尾 | 水600 ml | 白胡椒適量,"1. 蝦米泡水，乾香菇泡水後切條。 
2.大白菜梗與葉分開，洋蔥切絲。
3. 蝦仁用白胡椒及米酒抓醃。 | 起油鍋，爆香香菇、蝦米、蒜頭。 | 倒入洋蔥拌炒後，放入白菜梗炒至略出水。 | 加入白菜葉、水200ml、鹽、白胡椒，燜煮10分鐘。 | 白菜軟化後撥至兩旁，倒入米飯和400ml的水，將飯攪拌均勻撥開，讓米不結塊，中火滾煮10分鐘。 | 加入蝦仁，蝦仁熟了以後便可熄火，燜15分鐘。 | 完成。","大白菜鹹粥。食材：白米飯（約一杯米）2 碗，大白菜半 顆，洋蔥1 顆，蒜頭7 瓣，蝦米些許，乾香菇2 朵，鹽1-2 小匙，蝦仁8 尾，水600 ml，白胡椒適量。做法：1. 蝦米泡水，乾香菇泡水後切條。 
2.大白菜梗與葉分開，洋蔥切絲。
3. 蝦仁用白胡椒及米酒抓醃。，起油鍋，爆香香菇、蝦米、蒜頭。，倒入洋蔥拌炒後，放入白菜梗炒至略出水。，加入白菜葉、水200ml、鹽、白胡椒，燜煮10分鐘。，白菜軟化後撥至兩旁，倒入米飯和400ml的水，將飯攪拌均勻撥開，讓米不結塊，中火滾煮10分鐘。，加入蝦仁，蝦仁熟了以後便可熄火，燜15分鐘。，完成。。",大白菜/457864_大白菜鹹粥.jpg
459110,大白菜燒雞蛋豆腐,https://icook.tw/recipes/459110,大白菜、雞蛋豆腐、蝦米、豬絞肉、蒜末、李錦記舊庄特級蠔油、醬油,大白菜1顆 | 雞蛋豆腐1盒 | 蝦米5克 | 豬絞肉40克 | 蒜末15克 | 李錦記舊庄特級蠔油2大匙 | 醬油1小匙,雞蛋豆腐切片，不沾鍋中加油，中火一面煎黃。 | 翻面，另一面也煎黃就可取出備用。 | 豬絞肉先用一茶匙醬油醃5分鐘，接著放入油鍋中炒香。 | 再加入蒜末和洗乾淨的蝦米炒香。 | 加入大白菜梗。 | 加入兩大匙李錦記舊庄特級蠔油。 | 大白菜梗炒軟。 | 加入大白菜葉。 | 再加煎黃的雞蛋豆腐。 | 覺得有點乾，加半碗水。 | 滾煮到白菜變軟入味就可關火。 | 嚴選鮮蠔熬煮，提鮮入味。蠔油當然選李錦記。 | 盛盤享用。,大白菜燒雞蛋豆腐。食材：大白菜1顆，雞蛋豆腐1盒，蝦米5克，豬絞肉40克，蒜末15克，李錦記舊庄特級蠔油2大匙，醬油1小匙。做法：雞蛋豆腐切片，不沾鍋中加油，中火一面煎黃。，翻面，另一面也煎黃就可取出備用。，豬絞肉先用一茶匙醬油醃5分鐘，接著放入油鍋中炒香。，再加入蒜末和洗乾淨的蝦米炒香。，加入大白菜梗。，加入兩大匙李錦記舊庄特級蠔油。，大白菜梗炒軟。，加入大白菜葉。，再加煎黃的雞蛋豆腐。，覺得有點乾，加半碗水。，滾煮到白菜變軟入味就可關火。，嚴選鮮蠔熬煮，提鮮入味。蠔油當然選李錦記。，盛盤享用。。,大白菜/459110_大白菜燒雞蛋豆腐.jpg
449672,大白菜悶油豆腐,https://icook.tw/recipes/449672,大白菜、油豆腐、雞粉、冬粉、日式醬油、蒜末、鹽巴、糖,大白菜1顆 | 油豆腐5塊 | 冬粉1把 | 蒜末1大匙 | 雞粉1匙 | 日式醬油1大匙 | 鹽巴1茶匙 | 糖0.5,大白菜洗淨切塊狀，冬粉泡水備用 | 起油鍋爆香蒜末放入大白菜，加入少許水蓋過悶煮 | 帶大白菜消水加入油豆腐及調味料轉小火悶煮至大白菜軟爛入味再加入冬粉，略收汁即完成,大白菜悶油豆腐。食材：大白菜1顆，油豆腐5塊，冬粉1把，蒜末1大匙，雞粉1匙，日式醬油1大匙，鹽巴1茶匙，糖0.5。做法：大白菜洗淨切塊狀，冬粉泡水備用，起油鍋爆香蒜末放入大白菜，加入少許水蓋過悶煮，帶大白菜消水加入油豆腐及調味料轉小火悶煮至大白菜軟爛入味再加入冬粉，略收汁即完成。,大白菜/449672_大白菜悶油豆腐.jpg
454267,大白菜炒豬肉,https://icook.tw/recipes/454267,大白菜、豬肉片、蒜末、橄欖油、鹽巴,大白菜0.5顆 | 豬肉片5片 | 蒜末2瓣 | 橄欖油1大匙 | 鹽巴適量,大白菜洗乾淨切塊。豬肉片切小塊。 | 熱油鍋，放入豬肉片炒至五分熟，加入蒜末拌香，加入大白菜炒熟，最後加鹽巴調味即可。,大白菜炒豬肉。食材：大白菜0.5顆，豬肉片5片，蒜末2瓣，橄欖油1大匙，鹽巴適量。做法：大白菜洗乾淨切塊。豬肉片切小塊。，熱油鍋，放入豬肉片炒至五分熟，加入蒜末拌香，加入大白菜炒熟，最後加鹽巴調味即可。。,大白菜/454267_大白菜炒豬肉.jpg
464916,懶出新高度零出錯麵筋大白菜,https://icook.tw/recipes/464916,麵筋罐頭、大白菜、鮮味炒手,麵筋罐頭0.5罐 | 大白菜適量 | 鮮味炒手適量,把半罐麵筋+適量大白菜下去拌炒 | 加適量鮮味炒手,懶出新高度零出錯麵筋大白菜。食材：麵筋罐頭0.5罐，大白菜適量，鮮味炒手適量。做法：把半罐麵筋+適量大白菜下去拌炒，加適量鮮味炒手。,大白菜/464916_懶出新高度零出錯麵筋大白菜.jpg
470422,大白菜豆腐粉絲煲/黃芽白豆腐粉絲煲,https://icook.tw/recipes/470422,大白菜、雞蛋豆腐、醬油、粉絲、蠔油、蒜末、開水、櫻花蝦,大白菜半邊 | 雞蛋豆腐1盒 | 粉絲2卷 | 蒜末適量 | 櫻花蝦1把 | 醬油2小匙 | 蠔油1大匙 | 開水半碗,"1）白菜洗淨切片 | 豆腐切片 | 粉絲用熱水浸泡軟化後瀝乾備用
2）小火煎香豆腐（兩面煎至金黃後盛出）
3）原鍋補油 | 炒香蒜末、櫻花蝦
4）續入白菜炒至半軟 | 加入粉絲、調味料燜煮到熟
5）出鍋前加入煎好的豆腐即完成","大白菜豆腐粉絲煲/黃芽白豆腐粉絲煲。食材：大白菜半邊，雞蛋豆腐1盒，粉絲2卷，蒜末適量，櫻花蝦1把，醬油2小匙，蠔油1大匙，開水半碗。做法：1）白菜洗淨切片，豆腐切片，粉絲用熱水浸泡軟化後瀝乾備用
2）小火煎香豆腐（兩面煎至金黃後盛出）
3）原鍋補油，炒香蒜末、櫻花蝦
4）續入白菜炒至半軟，加入粉絲、調味料燜煮到熟
5）出鍋前加入煎好的豆腐即完成。",大白菜/470422_大白菜豆腐粉絲煲_黃芽白豆腐粉絲煲.jpg
449152,大白菜水餃,https://icook.tw/recipes/449152,豬絞肉、大白菜、芹菜末、蔥末、蝦皮、鹽、糖、雞粉、麻油、醬油、白胡椒粉、雞蛋,豬絞肉350克 | 大白菜800克 | 芹菜末25克 | 蔥末10克 | 蝦皮1小把 | 鹽少許 | 糖少許 | 雞粉適量 | 麻油少許 | 醬油適量 | 白胡椒粉少許 | 雞蛋1顆,豬絞肉中加入一顆蛋，加入調味料，包括鹽，糖，醬油，雞粉和白胡椒粉，同一個方向攪拌到肉完整吸收了蛋液，最後灑一點麻油鎖住水份。大白菜川燙後切碎，水擠乾，最後剩下約莫350克的菜。蔥和芹菜及蝦皮切成末。 | 將擠好水的大白菜，蔥末和芹菜末，蝦皮末都和肉放一起攪勻。 | 攪拌均勻，再加些鹽調味。 | 熱水煮滾加入包好的水餃，再次煮滾後加入一大碗水，讓水再滾開，水餃浮起，我會剪開一個看熟了沒，再盛起。 | 還煮了一鍋牛肉，吃牛肉麵配水餃。 | 剩下包好做成冷凍水餃，這樣大概可以包60個。,大白菜水餃。食材：豬絞肉350克，大白菜800克，芹菜末25克，蔥末10克，蝦皮1小把，鹽少許，糖少許，雞粉適量，麻油少許，醬油適量，白胡椒粉少許，雞蛋1顆。做法：豬絞肉中加入一顆蛋，加入調味料，包括鹽，糖，醬油，雞粉和白胡椒粉，同一個方向攪拌到肉完整吸收了蛋液，最後灑一點麻油鎖住水份。大白菜川燙後切碎，水擠乾，最後剩下約莫350克的菜。蔥和芹菜及蝦皮切成末。，將擠好水的大白菜，蔥末和芹菜末，蝦皮末都和肉放一起攪勻。，攪拌均勻，再加些鹽調味。，熱水煮滾加入包好的水餃，再次煮滾後加入一大碗水，讓水再滾開，水餃浮起，我會剪開一個看熟了沒，再盛起。，還煮了一鍋牛肉，吃牛肉麵配水餃。，剩下包好做成冷凍水餃，這樣大概可以包60個。。,大白菜/449152_大白菜水餃.jpg
453590,胡椒葉香大白菜,https://icook.tw/recipes/453590,大白菜切絲、粗辣椒粉、蒜碎、酒、味霖、山西陳醋、鹽、昆布柴魚高湯、泰國胡椒葉絲,大白菜切絲60g | 粗辣椒粉1/2小匙 | 蒜碎1顆份 | 酒3cc | 味霖3cc | 山西陳醋3cc | 鹽少許 | 昆布柴魚高湯15cc | 泰國胡椒葉絲中1張份,"取小鍋子,倒入酒,味霖,山西陳醋,鹽,粗辣椒粉及蒜碎煮滾出香氣,續倒入昆布柴魚高湯. | 在滾放入大白菜絲煮至收汁. | 起鍋前加胡椒葉攪拌即可.","胡椒葉香大白菜。食材：大白菜切絲60g，粗辣椒粉1/2小匙，蒜碎1顆份，酒3cc，味霖3cc，山西陳醋3cc，鹽少許，昆布柴魚高湯15cc，泰國胡椒葉絲中1張份。做法：取小鍋子,倒入酒,味霖,山西陳醋,鹽,粗辣椒粉及蒜碎煮滾出香氣,續倒入昆布柴魚高湯.，在滾放入大白菜絲煮至收汁.，起鍋前加胡椒葉攪拌即可.。",大白菜/453590_胡椒葉香大白菜.jpg
450542,辣豆瓣燜大白菜,https://icook.tw/recipes/450542,大白菜、紅蘿蔔、鮮黑木耳、老薑、香菜末(可略)、辣豆瓣醬、水,大白菜0.5顆(600g) | 紅蘿蔔1/6 條 | 鮮黑木耳5小朵 | 老薑3片 | 香菜末(可略)1大匙 | 辣豆瓣醬2大匙 | 水0.5米杯(80cc,1.準備食材，清理與清洗之。 | 2.大白菜切段，紅蘿蔔切片，黑木耳切片，老薑切絲，香菜切末。 | 3.起鍋開中小火，倒入2大匙食用油，油熱後放薑絲煸出薑香。 | 4.續放辣豆瓣炒出香氣。 | 5.再放入大白菜與紅蘿蔔拌炒一下(大白菜稍稍軟化)。 | 6.再放入黑木耳與水拌一下，蓋鍋蓋燜煮約8-10分鐘(至大白菜軟熟入味)。 | 7.再加入香菜末拌一下即可關火。 | 8.起鍋盛盤。,辣豆瓣燜大白菜。食材：大白菜0.5顆(600g)，紅蘿蔔1/6 條，鮮黑木耳5小朵，老薑3片，香菜末(可略)1大匙，辣豆瓣醬2大匙，水0.5米杯(80cc。做法：1.準備食材，清理與清洗之。，2.大白菜切段，紅蘿蔔切片，黑木耳切片，老薑切絲，香菜切末。，3.起鍋開中小火，倒入2大匙食用油，油熱後放薑絲煸出薑香。，4.續放辣豆瓣炒出香氣。，5.再放入大白菜與紅蘿蔔拌炒一下(大白菜稍稍軟化)。，6.再放入黑木耳與水拌一下，蓋鍋蓋燜煮約8-10分鐘(至大白菜軟熟入味)。，7.再加入香菜末拌一下即可關火。，8.起鍋盛盤。。,大白菜/450542_辣豆瓣燜大白菜.jpg
431345,大白菜炒五花肉片,https://icook.tw/recipes/431345,大白菜、蔥、醬油、薑片、鹽巴、蒜頭、柴魚粉、五花豬肉片、香油、乾香菇、洋蔥,大白菜半顆 | 蔥3條 | 薑片4片 | 蒜頭5顆 | 五花豬肉片1盒 | 乾香菇5朵 | 洋蔥1顆 | 醬油2-3匙 | 鹽巴1小匙 | 柴魚粉1小匙 | 香油少許,下少許油爆香白蔥薑蒜，香味出來後再加入五花豬肉片拌炒，炒至豬肉變色即可取出備用。 | 再加入香菇絲及洋蔥一起拌炒均勻。 | 炒至洋蔥軟後再加入醬油拌炒一下，再加入香菇水。 | 再加入白菜及適量的水並蓋上鍋蓋燜煮。 | 煮至白菜出水，再加入豬肉片及蔥綠段拌炒一下，加入柴魚粉及鹽巴調味，蓋上鍋蓋燜煮約5分鐘，開蓋加入少許香油，即可美味上桌。,大白菜炒五花肉片。食材：大白菜半顆，蔥3條，薑片4片，蒜頭5顆，五花豬肉片1盒，乾香菇5朵，洋蔥1顆，醬油2-3匙，鹽巴1小匙，柴魚粉1小匙，香油少許。做法：下少許油爆香白蔥薑蒜，香味出來後再加入五花豬肉片拌炒，炒至豬肉變色即可取出備用。，再加入香菇絲及洋蔥一起拌炒均勻。，炒至洋蔥軟後再加入醬油拌炒一下，再加入香菇水。，再加入白菜及適量的水並蓋上鍋蓋燜煮。，煮至白菜出水，再加入豬肉片及蔥綠段拌炒一下，加入柴魚粉及鹽巴調味，蓋上鍋蓋燜煮約5分鐘，開蓋加入少許香油，即可美味上桌。。,大白菜/431345_大白菜炒五花肉片.jpg
431868,大白菜炒虱目魚丸,https://icook.tw/recipes/431868,大白菜、虱目魚丸、鹽巴、蒜末、醬油、蔥花、柴魚粉、香油,大白菜半顆 | 虱目魚丸5顆 | 蒜末2顆 | 蔥花適量 | 鹽巴1小匙 | 醬油1匙 | 柴魚粉少許 | 香油少許,下少許油爆香蒜末，再加入虱目魚丸一起拌炒，將丸子煎至金黃。 | 再加入大白菜、醬油、水、鹽巴、柴魚粉拌炒一下，蓋上鍋蓋燜煮。 | 煮至大白菜出水入味，起鍋前加入香油，撒上蔥花即可美味上桌。,大白菜炒虱目魚丸。食材：大白菜半顆，虱目魚丸5顆，蒜末2顆，蔥花適量，鹽巴1小匙，醬油1匙，柴魚粉少許，香油少許。做法：下少許油爆香蒜末，再加入虱目魚丸一起拌炒，將丸子煎至金黃。，再加入大白菜、醬油、水、鹽巴、柴魚粉拌炒一下，蓋上鍋蓋燜煮。，煮至大白菜出水入味，起鍋前加入香油，撒上蔥花即可美味上桌。。,大白菜/431868_大白菜炒虱目魚丸.jpg
423814,大白菜湯圓,https://icook.tw/recipes/423814,大白菜、肉絲、香菇、湯圓、蒜頭、洋蔥,大白菜1個 | 肉絲100克 | 香菇3朶 | 湯圓半斤 | 蒜頭5瓣 | 洋蔥1/2個,"備料。 | 冷凍湯圓不要退冰，灑些油，每一顆都要沾到，再灑上蕃薯粉。 | 油熱把湯圓放下去不停攪動。湯圓會脹大，會有硬殼的感覺，撈出。
我油放太少所以擠壓變型。 | 炒肉絲、蒜頭、香菇、洋蔥。 | 最後加入白菜蓋上鍋蓋悶一下，自己會生水出來。 | 加入炸好的湯圓熄火。 | 盛盤。","大白菜湯圓。食材：大白菜1個，肉絲100克，香菇3朶，湯圓半斤，蒜頭5瓣，洋蔥1/2個。做法：備料。，冷凍湯圓不要退冰，灑些油，每一顆都要沾到，再灑上蕃薯粉。，油熱把湯圓放下去不停攪動。湯圓會脹大，會有硬殼的感覺，撈出。
我油放太少所以擠壓變型。，炒肉絲、蒜頭、香菇、洋蔥。，最後加入白菜蓋上鍋蓋悶一下，自己會生水出來。，加入炸好的湯圓熄火。，盛盤。。",大白菜/423814_大白菜湯圓.jpg
446043,三絲清炒大白菜(五辛素),https://icook.tw/recipes/446043,山東白/包心白、乾木耳、胡蘿蔔、蒜頭、嫩薑、鹽、香菇粉、白胡椒粉、香油、植物油、清水,山東白/包心白適量 | 乾木耳10g | 胡蘿蔔60g | 蒜頭4瓣 | 嫩薑1支 | 鹽適量 | 香菇粉¼茶匙 | 白胡椒粉¼茶匙 | 香油½茶匙 | 植物油1½大匙 | 清水150ml,大白菜掰開洗淨 | 切塊備用 | 胡蘿蔔、木耳(提前泡發)切絲，嫩薑、蒜頭切片 | 熱鍋下薑蒜爆香 | 加入三絲(胡蘿蔔、木耳)爆香 | 加入大白菜、熱水、食鹽翻炒均勻 | 小火燜煮4~6分鐘，加糖、香菇粉、胡椒粉、香油調味即可,三絲清炒大白菜(五辛素)。食材：山東白/包心白適量，乾木耳10g，胡蘿蔔60g，蒜頭4瓣，嫩薑1支，鹽適量，香菇粉¼茶匙，白胡椒粉¼茶匙，香油½茶匙，植物油1½大匙，清水150ml。做法：大白菜掰開洗淨，切塊備用，胡蘿蔔、木耳(提前泡發)切絲，嫩薑、蒜頭切片，熱鍋下薑蒜爆香，加入三絲(胡蘿蔔、木耳)爆香，加入大白菜、熱水、食鹽翻炒均勻，小火燜煮4~6分鐘，加糖、香菇粉、胡椒粉、香油調味即可。,大白菜/446043_三絲清炒大白菜(五辛素).jpg
478495,開陽白菜,https://icook.tw/recipes/478495,大白菜、蝦米、香菇、杏鮑菇、太白粉、蒜,大白菜半顆 | 蝦米1小把 | 香菇3朵 | 杏鮑菇1條 | 太白粉1小匙 | 蒜2顆,"白菜洗淨切塊備用
蝦米泡熱水10分鐘灑乾備備香菇和杏鮑菇切成薄片狀備用蒜仁用菜刀壓碎去外皮 | 取一平底鍋 熱鍋後 轉中小火 倒入一些油 先爆香蒜頭 待蒜頭的香味出來後 再放入蝦米炒香 
再把菇類放入 炒至變軟上色後 先放入白菜葉梗的部分 稍微拌炒一下 再放入剩下的白菜 拌炒後加入200cc的水 蓋上鍋蓋悶煮3-4分鐘 | 開鍋蓋 看白菜是否有煮軟 沒有的話 再蓋上鍋蓋悶1分鐘 試吃熟度及軟度ok後 加入鹽調味一下 起鍋前 淋上太白粉水勾芡 即可起鍋","開陽白菜。食材：大白菜半顆，蝦米1小把，香菇3朵，杏鮑菇1條，太白粉1小匙，蒜2顆。做法：白菜洗淨切塊備用
蝦米泡熱水10分鐘灑乾備備香菇和杏鮑菇切成薄片狀備用蒜仁用菜刀壓碎去外皮，取一平底鍋 熱鍋後 轉中小火 倒入一些油 先爆香蒜頭 待蒜頭的香味出來後 再放入蝦米炒香 
再把菇類放入 炒至變軟上色後 先放入白菜葉梗的部分 稍微拌炒一下 再放入剩下的白菜 拌炒後加入200cc的水 蓋上鍋蓋悶煮3-4分鐘，開鍋蓋 看白菜是否有煮軟 沒有的話 再蓋上鍋蓋悶1分鐘 試吃熟度及軟度ok後 加入鹽調味一下 起鍋前 淋上太白粉水勾芡 即可起鍋。",大白菜/478495_開陽白菜.jpg
474752,素獅子頭（2）,https://icook.tw/recipes/474752,大白菜、蕃茄、菇、素丸子,大白菜1個 | 蕃茄2個 | 菇1包 | 素丸子6個,大白菜、蕃茄先煮軟再加菇。 | 加入素丸子。 | 盛入個人的碗中。,素獅子頭（2）。食材：大白菜1個，蕃茄2個，菇1包，素丸子6個。做法：大白菜、蕃茄先煮軟再加菇。，加入素丸子。，盛入個人的碗中。。,大白菜/474752_素獅子頭（2）.jpg
439586,[簡單料理] 簡單卻美味的蒸千層大白菜,https://icook.tw/recipes/439586,大白菜、豬肉(火鍋用五花肉片),大白菜4分之1顆 | 豬肉(火鍋用五花肉片)120g,"把半顆大白菜對半切開變成4分之1 | 從最底下的菜葉 一層層疊起大白菜和豬肉 | 疊好後蒸熟就好囉 | 等蒸鍋冒蒸氣後 再把大白菜放進去 | 蓋上蓋子蒸10分鐘左右即可 | 將3瓣大蒜切成蒜末,蔥花多切一點, 兩根小辣椒,
糖5分之1杯, 醬油3分之1杯, 醋3分之1杯
以及3分之1杯的水一起混合均勻 | 等大白菜斷生變軟就蒸好了~ | 把準備好的醬料滿滿地倒在大白菜上就完成了 | 用剪刀剪小塊 吃起來更方便^^","[簡單料理] 簡單卻美味的蒸千層大白菜。食材：大白菜4分之1顆，豬肉(火鍋用五花肉片)120g。做法：把半顆大白菜對半切開變成4分之1，從最底下的菜葉 一層層疊起大白菜和豬肉，疊好後蒸熟就好囉，等蒸鍋冒蒸氣後 再把大白菜放進去，蓋上蓋子蒸10分鐘左右即可，將3瓣大蒜切成蒜末,蔥花多切一點, 兩根小辣椒,
糖5分之1杯, 醬油3分之1杯, 醋3分之1杯
以及3分之1杯的水一起混合均勻，等大白菜斷生變軟就蒸好了~，把準備好的醬料滿滿地倒在大白菜上就完成了，用剪刀剪小塊 吃起來更方便^^。",大白菜/439586_[簡單料理]_簡單卻美味的蒸千層大白菜.jpg
472243,簡單肉羹,https://icook.tw/recipes/472243,大白菜、豬肉、木薯粉,大白菜1個 | 豬肉10兩 | 木薯粉5兩,"豬肉切指頭大小，稍微拍打，調入醬油、糖。
放入豬肉重量約的一半的木薯粉，加上熱開水，搓柔。 | 白菜煮軟。 | 肉一塊一塊放入滾滾白菜湯中。 | 盛入碗中。","簡單肉羹。食材：大白菜1個，豬肉10兩，木薯粉5兩。做法：豬肉切指頭大小，稍微拍打，調入醬油、糖。
放入豬肉重量約的一半的木薯粉，加上熱開水，搓柔。，白菜煮軟。，肉一塊一塊放入滾滾白菜湯中。，盛入碗中。。",大白菜/472243_簡單肉羹.jpg
407170,炒大白菜,https://icook.tw/recipes/407170,大白菜（切大塊）、蒜末、乾香菇（泡軟）、紅蘿蔔片、黑木耳（隨意加）、辣椒、乾豆皮、醬油、鹽、地瓜粉水2:4、油、雞蛋（打散）、味素,大白菜（切大塊）1顆 | 蒜末1瓣 | 乾香菇（泡軟）5朵 | 紅蘿蔔片20片左右 | 黑木耳（隨意加）2大朵 | 辣椒1～2條 | 乾豆皮隨意 | 醬油1大匙 | 鹽2小匙 | 地瓜粉水2:42小匙 | 油2大匙 | 雞蛋（打散）1顆 | 味素適量,"鍋熱放油倒入打散的蛋液，用筷子繞圈將鍋裡的蛋液打散⋯ | 小火繼續將蛋炒成蛋酥⋯
炒的過程會冒很多泡泡（很好玩😜） | 雞蛋炒酥時加入蒜末和辣椒翻炒，炒出蒜香味⋯ | 加入切片的紅蘿蔔、黑木耳、香菇、1小匙鹽翻炒均勻⋯
（白色那個是白菜心切片）
⬆️這樣好像就可當成一道菜了，懶得後續的步驟就將食材炒熟，即可成為一道菜。 | 加入1大匙醬油翻炒均勻讓食材都裹上油和湯汁⋯ | 加入切塊的大白菜，蓋上鍋蓋煮滾，讓大白菜軟化⋯ | 加入被壓碎的豆皮⋯
若無可省略。 | 翻炒均勻，嚐嚐看鹹度，再加1小匙左右的鹽，少許味素調整鹹淡⋯大白菜自己會出很多水。 | 起鍋前加入地瓜粉水翻炒均勻，這樣吃起來口感滑順好吃，炒熟即可😋
此步驟也可省略。 | 😋","炒大白菜。食材：大白菜（切大塊）1顆，蒜末1瓣，乾香菇（泡軟）5朵，紅蘿蔔片20片左右，黑木耳（隨意加）2大朵，辣椒1～2條，乾豆皮隨意，醬油1大匙，鹽2小匙，地瓜粉水2:42小匙，油2大匙，雞蛋（打散）1顆，味素適量。做法：鍋熱放油倒入打散的蛋液，用筷子繞圈將鍋裡的蛋液打散⋯，小火繼續將蛋炒成蛋酥⋯
炒的過程會冒很多泡泡（很好玩😜），雞蛋炒酥時加入蒜末和辣椒翻炒，炒出蒜香味⋯，加入切片的紅蘿蔔、黑木耳、香菇、1小匙鹽翻炒均勻⋯
（白色那個是白菜心切片）
⬆️這樣好像就可當成一道菜了，懶得後續的步驟就將食材炒熟，即可成為一道菜。，加入1大匙醬油翻炒均勻讓食材都裹上油和湯汁⋯，加入切塊的大白菜，蓋上鍋蓋煮滾，讓大白菜軟化⋯，加入被壓碎的豆皮⋯
若無可省略。，翻炒均勻，嚐嚐看鹹度，再加1小匙左右的鹽，少許味素調整鹹淡⋯大白菜自己會出很多水。，起鍋前加入地瓜粉水翻炒均勻，這樣吃起來口感滑順好吃，炒熟即可😋
此步驟也可省略。，😋。",大白菜/407170_炒大白菜.jpg
475293,鍋燒麵.烏龍湯麵,https://icook.tw/recipes/475293,鍋燒麵、水、蛋、大白菜、火鍋肉片,鍋燒麵1包 | 水約7分滿的碗公 | 蛋1顆 | 大白菜2大片 | 火鍋肉片3片,將所有食材備好，水煮滾⋯ | 水滾放入烏龍麵及鍋燒麵所附的調料包，再放入肉片、雞蛋、蔬菜，將所有食材煮熟即可😋 | 😋,鍋燒麵.烏龍湯麵。食材：鍋燒麵1包，水約7分滿的碗公，蛋1顆，大白菜2大片，火鍋肉片3片。做法：將所有食材備好，水煮滾⋯，水滾放入烏龍麵及鍋燒麵所附的調料包，再放入肉片、雞蛋、蔬菜，將所有食材煮熟即可😋，😋。,大白菜/475293_鍋燒麵.烏龍湯麵.jpg
410030,大白菜燉冬粉,https://icook.tw/recipes/410030,韓式冬粉or冬粉、大白菜、老薑、豬肉薄片or五花肉片、乾辣椒、洋蔥、八角、醬油、蠔油、豆瓣醬、白胡椒粉、米酒、蔥段、韓式芝麻油,韓式冬粉or冬粉適量 | 大白菜1顆 | 豬肉薄片or五花肉片適量 | 洋蔥一顆 | 老薑6片 | 乾辣椒8支 | 八角1顆 | 醬油2大匙 | 蠔油1大匙 | 豆瓣醬1-2大匙 | 白胡椒粉適量 | 米酒適量 | 蔥段適量 | 韓式芝麻油適量,"大白菜洗淨切段，冬粉以熱水浸泡備用。
起油鍋，肉片下鍋，中大火炒至微黃比較香，鍋邊嗆少許米酒 | 加入洋蔥、薑片、乾辣椒、八角炒出香氣！ | 加入大白菜梗拌炒後，續加入白菜葉炒至微軟！ | 移至砂鍋中(沒有砂鍋，則使用一般鍋具) | 加入適量熱開水，豆瓣醬、醬油、蠔油、白胡椒粉、鹽調味。大火煮滾後，中小火燉煮10～20分鐘(看個人喜好白菜口感) | 待白菜軟透，加入冬粉蓋鍋悶煮4～5分鐘，起鍋前撒上蔥段、韓式芝麻油。","大白菜燉冬粉。食材：韓式冬粉or冬粉適量，大白菜1顆，豬肉薄片or五花肉片適量，洋蔥一顆，老薑6片，乾辣椒8支，八角1顆，醬油2大匙，蠔油1大匙，豆瓣醬1-2大匙，白胡椒粉適量，米酒適量，蔥段適量，韓式芝麻油適量。做法：大白菜洗淨切段，冬粉以熱水浸泡備用。
起油鍋，肉片下鍋，中大火炒至微黃比較香，鍋邊嗆少許米酒，加入洋蔥、薑片、乾辣椒、八角炒出香氣！，加入大白菜梗拌炒後，續加入白菜葉炒至微軟！，移至砂鍋中(沒有砂鍋，則使用一般鍋具)，加入適量熱開水，豆瓣醬、醬油、蠔油、白胡椒粉、鹽調味。大火煮滾後，中小火燉煮10～20分鐘(看個人喜好白菜口感)，待白菜軟透，加入冬粉蓋鍋悶煮4～5分鐘，起鍋前撒上蔥段、韓式芝麻油。。",大白菜/410030_大白菜燉冬粉.jpg
435037,【老菜脯大白菜香菇雞湯】春分節氣燉湯,https://icook.tw/recipes/435037,高家老菜脯、雞腿、大白菜、香菇、薑片、蛤蜊、紅棗、水,高家老菜脯25克 | 雞腿1隻 | 大白菜半顆 | 香菇7朵 | 薑片5片 | 蛤蜊1盒 | 紅棗7顆 | 水2000cc,雞肉滾水汆燙，去除血水和雜質 | 大白菜略切、老薑切片、香菇泡水備用 | 準備湯鍋，放入雞腿、老菜脯、香菇、紅棗和水2000cc | 中火煮滾後，轉小火燉煮35分鐘 | 開蓋加入大白菜燉5分鐘後，加入蛤蜊 | 蛤蜊開殼後嚐鹹度，美味料理即可上桌,【老菜脯大白菜香菇雞湯】春分節氣燉湯。食材：高家老菜脯25克，雞腿1隻，大白菜半顆，香菇7朵，薑片5片，蛤蜊1盒，紅棗7顆，水2000cc。做法：雞肉滾水汆燙，去除血水和雜質，大白菜略切、老薑切片、香菇泡水備用，準備湯鍋，放入雞腿、老菜脯、香菇、紅棗和水2000cc，中火煮滾後，轉小火燉煮35分鐘，開蓋加入大白菜燉5分鐘後，加入蛤蜊，蛤蜊開殼後嚐鹹度，美味料理即可上桌。,大白菜/435037_【老菜脯大白菜香菇雞湯】春分節氣燉湯.jpg
472300,酸白菜 製作~簡單隨手做,https://icook.tw/recipes/472300,大白菜、無碘海塩、養樂多、過濾水,大白菜3052.5克 | 無碘海塩適量 | 養樂多100毫升 | 過濾水適量,"大白菜先剝掉外層品相不佳的老葉
下刀切出十字約5~10公分深
用兩手掰成四大瓣
各別在上面抹上無碘海塩
每30分鐘翻面一下大白菜直至大白菜的白色硬幫子
可以彎曲而不斷裂就可以裝罐 | 將大白菜頭尾整齊壓實放進發酵盒裡
倒入過濾過(除氯)的水
及一瓶100ml傳統的養樂多進來
將過濾過的水補滿上面壓個盤子
目的是不讓大白菜浮出水面
再封上一層保鮮膜並蓋上蓋子
蓋子上再壓一個重物靜置一晚 | 經過一天的發酵用手將盤子壓進水裡
用夾鏈袋裡面裝過濾水壓住盤子
不讓盤子浮出水面並壓住大白菜讓大白菜能在水下無氧環境發酵 | 用BRITA 濾水壺過濾生水中的氯即可 | 今年(2025 | 1 | 18)開始醃製酸白菜
至今(2025 | 2 | 9)已超過二十天了 | 今天是2025 | 2 | 14
酸白菜從瓶子裡取出來
分裝在密封袋裡放冰箱 | 這一袋酸白菜是最近要料理的 | 酸白菜炒肉絲~😋😋😋 | 酸菜白肉臭臭鍋~👍👍👍
用十字切將深坑臭豆腐四塊切成16塊
加了幾葉高麗菜、火鍋五花肉片150克","酸白菜 製作~簡單隨手做。食材：大白菜3052.5克，無碘海塩適量，養樂多100毫升，過濾水適量。做法：大白菜先剝掉外層品相不佳的老葉
下刀切出十字約5~10公分深
用兩手掰成四大瓣
各別在上面抹上無碘海塩
每30分鐘翻面一下大白菜直至大白菜的白色硬幫子
可以彎曲而不斷裂就可以裝罐，將大白菜頭尾整齊壓實放進發酵盒裡
倒入過濾過(除氯)的水
及一瓶100ml傳統的養樂多進來
將過濾過的水補滿上面壓個盤子
目的是不讓大白菜浮出水面
再封上一層保鮮膜並蓋上蓋子
蓋子上再壓一個重物靜置一晚，經過一天的發酵用手將盤子壓進水裡
用夾鏈袋裡面裝過濾水壓住盤子
不讓盤子浮出水面並壓住大白菜讓大白菜能在水下無氧環境發酵，用BRITA 濾水壺過濾生水中的氯即可，今年(2025，1，18)開始醃製酸白菜
至今(2025，2，9)已超過二十天了，今天是2025，2，14
酸白菜從瓶子裡取出來
分裝在密封袋裡放冰箱，這一袋酸白菜是最近要料理的，酸白菜炒肉絲~😋😋😋，酸菜白肉臭臭鍋~👍👍👍
用十字切將深坑臭豆腐四塊切成16塊
加了幾葉高麗菜、火鍋五花肉片150克。",大白菜/472300_酸白菜_製作~簡單隨手做.jpg
471221,芫茜南瓜白菜米漿粥,https://icook.tw/recipes/471221,梗米、香菜梗、大白菜葉、南瓜、水、鹽,梗米11.5杯 | 香菜梗100克 | 大白菜葉100克 | 南瓜1顆 | 水4杯 | 鹽1小匙,先將南瓜蒸熟 | 切小段 | 和剩飯及大白菜及芫茜 | 放入攪拌器 | 打成漿 | 再放入 | 有煮粥多功飯煲 | 加鹽 | 煮4分鍾完成,芫茜南瓜白菜米漿粥。食材：梗米11.5杯，香菜梗100克，大白菜葉100克，南瓜1顆，水4杯，鹽1小匙。做法：先將南瓜蒸熟，切小段，和剩飯及大白菜及芫茜，放入攪拌器，打成漿，再放入，有煮粥多功飯煲，加鹽，煮4分鍾完成。,大白菜/471221_芫茜南瓜白菜米漿粥.jpg
473836,黃金泡菜/黃金白菜,https://icook.tw/recipes/473836,大白菜、水、紅蘿蔔、鹽、白醋、白糖、香油、蒜、辣椒、魚露,大白菜1800克 | 水1800克 | 鹽50克 | 紅蘿蔔150克 | 白醋150克 | 白糖100克 | 香油120克 | 蒜75克 | 辣椒10克 | 魚露30克,"先將所有材料備妥。紅蘿蔔削皮切塊、條狀。大蒜切尾拍扁撥皮，白菜洗好切小段。 | 拿出一個大容器，要非常的大，超過大同電鍋的內鍋。把洗完切段的大白菜放入，並灑上鹽用手抓一抓。靜置約30-60分鐘，等它出水。 | 在等待的過程中，把醬汁的料放入果汁機內打成液體狀。 | 將出水的白菜鹽水倒出，再放入1800CC的水(可飲用) | 蓋過白菜，泡一下即倒掉。 | 把白菜分次放入瀝水器中瀝乾。 | 準備一個大容器，此容器約大同電鍋的內鍋(泡過鹽水後會縮小)，舖平。 | 把剛剛打好的醬汁約600CC均勻的舖在最上方，蓋上蓋子放入冰箱即完成。隔天就可以享用味香濃郁的黃金泡菜了。喜歡這料理請幫我按讚、收藏^ ^。
若是希望蒜味淡些，或是剛好家中的量不足，可放55-60克即可。","黃金泡菜/黃金白菜。食材：大白菜1800克，水1800克，鹽50克，紅蘿蔔150克，白醋150克，白糖100克，香油120克，蒜75克，辣椒10克，魚露30克。做法：先將所有材料備妥。紅蘿蔔削皮切塊、條狀。大蒜切尾拍扁撥皮，白菜洗好切小段。，拿出一個大容器，要非常的大，超過大同電鍋的內鍋。把洗完切段的大白菜放入，並灑上鹽用手抓一抓。靜置約30-60分鐘，等它出水。，在等待的過程中，把醬汁的料放入果汁機內打成液體狀。，將出水的白菜鹽水倒出，再放入1800CC的水(可飲用)，蓋過白菜，泡一下即倒掉。，把白菜分次放入瀝水器中瀝乾。，準備一個大容器，此容器約大同電鍋的內鍋(泡過鹽水後會縮小)，舖平。，把剛剛打好的醬汁約600CC均勻的舖在最上方，蓋上蓋子放入冰箱即完成。隔天就可以享用味香濃郁的黃金泡菜了。喜歡這料理請幫我按讚、收藏^ ^。
若是希望蒜味淡些，或是剛好家中的量不足，可放55-60克即可。。",大白菜/473836_黃金泡菜_黃金白菜.jpg
471620,自製酸白菜,https://icook.tw/recipes/471620,大白菜、鹽巴、洗米水、高濃度白酒,大白菜1顆 | 鹽巴1大匙 | 洗米水1.5公升 | 高濃度白酒1大匙,"✅大白菜洗淨➡️水稍做瀝乾➡️切適（你）口的大小➡️1大匙鹽拌勻➡️裝罐
➡️盡量壓實（裝7分滿即可）➡️倒入洗米水（只要超過白菜即可）➡️白菜不可浮出水面➡️倒入1大匙高度白酒➡️白菜上方可用烘焙紙貼合白菜阻隔接觸空氣","自製酸白菜。食材：大白菜1顆，鹽巴1大匙，洗米水1.5公升，高濃度白酒1大匙。做法：✅大白菜洗淨➡️水稍做瀝乾➡️切適（你）口的大小➡️1大匙鹽拌勻➡️裝罐
➡️盡量壓實（裝7分滿即可）➡️倒入洗米水（只要超過白菜即可）➡️白菜不可浮出水面➡️倒入1大匙高度白酒➡️白菜上方可用烘焙紙貼合白菜阻隔接觸空氣。",大白菜/471620_自製酸白菜.jpg
409597,清爽豆皮大白菜,https://icook.tw/recipes/409597,大白菜、紅蘿蔔、蒜頭、鹽、白胡椒、水,大白菜半顆 | 紅蘿蔔些許 | 蒜頭三辨 | 鹽一小湯匙 | 白胡椒些許 | 水半碗,"將大白菜切塊，豆皮記得用水沖過一次，在切塊。蒜頭拍碎～紅蘿蔔切片 | 先熱鍋下油後下蒜頭爆香後下紅蘿蔔拌炒，在下大白菜拌炒下，在下豆皮後水下～悶約兩分鐘，鹽與白胡椒下～在拌炒下就可以上盤啦。

再這麼炎熱天氣下煮飯，真的是要人命，請珍惜為您煮飯的人，不然會熱死在廚房。","清爽豆皮大白菜。食材：大白菜半顆，紅蘿蔔些許，蒜頭三辨，鹽一小湯匙，白胡椒些許，水半碗。做法：將大白菜切塊，豆皮記得用水沖過一次，在切塊。蒜頭拍碎～紅蘿蔔切片，先熱鍋下油後下蒜頭爆香後下紅蘿蔔拌炒，在下大白菜拌炒下，在下豆皮後水下～悶約兩分鐘，鹽與白胡椒下～在拌炒下就可以上盤啦。

再這麼炎熱天氣下煮飯，真的是要人命，請珍惜為您煮飯的人，不然會熱死在廚房。。",大白菜/409597_清爽豆皮大白菜.jpg
404848,涼拌大白菜絲,https://icook.tw/recipes/404848,大白菜、蒜末、花生、辣椒絲、香菜、豆乾、鹽、香油、壽司醋、雞粉、糖,大白菜數片 | 蒜末適量 | 花生適量 | 辣椒絲一根 | 香菜適量 | 豆乾2片 | 鹽1大匙 | 香油1大匙 | 壽司醋1大匙 | 雞粉1小匙 | 糖1大匙,大白菜洗淨後切絲 | 加一大匙鹽 | 辣椒切絲、備好蒜末、花生 | 燙豆乾 | 豆乾切絲 | 擠出多餘水分 | 所有材料放碗裡，加壽司醋1大匙、香油1大匙、糖1大匙、雞粉1小匙 | 拌均 | 放上香菜，完成 | 清脆爽口開胃,涼拌大白菜絲。食材：大白菜數片，蒜末適量，花生適量，辣椒絲一根，香菜適量，豆乾2片，鹽1大匙，香油1大匙，壽司醋1大匙，雞粉1小匙，糖1大匙。做法：大白菜洗淨後切絲，加一大匙鹽，辣椒切絲、備好蒜末、花生，燙豆乾，豆乾切絲，擠出多餘水分，所有材料放碗裡，加壽司醋1大匙、香油1大匙、糖1大匙、雞粉1小匙，拌均，放上香菜，完成，清脆爽口開胃。,大白菜/404848_涼拌大白菜絲.jpg
472494,全素丸子～素獅子頭,https://icook.tw/recipes/472494,素雞排、素豬排、大白菜、薑末、香菇、荸薺、蕃茄、蛋黃,素雞排5片 | 素豬排5片 | 薑末1碗 | 荸薺10兩 | 蛋黃2個 | 大白菜1個 | 香菇5朵 | 蕃茄6顆,素豬排、素雞排、薑末切小丁荸薺拍碎擠乾（湯汁留用）攪拌均勻後加入二個蛋黃。 | 塑成貢丸大小。 | 放入微波爐加熱定型。 | 白菜+香菇先煮軟，加入蕃茄。 | 最後加入素丸子。,全素丸子～素獅子頭。食材：素雞排5片，素豬排5片，薑末1碗，荸薺10兩，蛋黃2個，大白菜1個，香菇5朵，蕃茄6顆。做法：素豬排、素雞排、薑末切小丁荸薺拍碎擠乾（湯汁留用）攪拌均勻後加入二個蛋黃。，塑成貢丸大小。，放入微波爐加熱定型。，白菜+香菇先煮軟，加入蕃茄。，最後加入素丸子。。,大白菜/472494_全素丸子～素獅子頭.jpg
431964,【老菜脯大白菜年糕肉絲湯】立春節氣燉湯,https://icook.tw/recipes/431964,高家老菜脯、年糕、大白菜、肉絲、香菇、老薑乾片、紅蘿蔔、水,高家老菜脯25克 | 年糕1包 | 大白菜半顆 | 肉絲250克 | 香菇8朵 | 老薑乾片8片 | 紅蘿蔔半根 | 水2500cc,紅蘿蔔切絲、大白菜略切、香菇切片 | 熱鍋放入肉絲拌炒，約八分熟起鍋備用，放入老菜脯、老薑乾片煸香後，倒入水2500cc燉煮湯頭 | 中火煮滾後，轉小火燉煮30分鐘 | 開蓋加入大白菜、香菇、紅蘿蔔和肉絲燉煮10分鐘後，加入年糕燉煮2分鐘 | 嚐鹹度，一道美味料理即可上桌,【老菜脯大白菜年糕肉絲湯】立春節氣燉湯。食材：高家老菜脯25克，年糕1包，大白菜半顆，肉絲250克，香菇8朵，老薑乾片8片，紅蘿蔔半根，水2500cc。做法：紅蘿蔔切絲、大白菜略切、香菇切片，熱鍋放入肉絲拌炒，約八分熟起鍋備用，放入老菜脯、老薑乾片煸香後，倒入水2500cc燉煮湯頭，中火煮滾後，轉小火燉煮30分鐘，開蓋加入大白菜、香菇、紅蘿蔔和肉絲燉煮10分鐘後，加入年糕燉煮2分鐘，嚐鹹度，一道美味料理即可上桌。,大白菜/431964_【老菜脯大白菜年糕肉絲湯】立春節氣燉湯.jpg
475683,獅子頭,https://icook.tw/recipes/475683,豬絞肉、洋蔥、荸薺、蛋、麵粉、木薯粉、大白菜、蕃茄、豆皮（厚）、栗子,豬絞肉12兩 | 洋蔥1個 | 荸薺20顆 | 蛋1個 | 麵粉2湯匙 | 木薯粉2湯匙 | 大白菜1棵 | 蕃茄2個 | 豆皮（厚）2片 | 栗子12個,絞肉加入洋蔥、荸薺、盡力的攪拌，加入一個蛋、麵粉、木薯粉。 | 揉捏成丸子，放進微波爐（約3～4分鐘）定型。 | 鍋子內放入大白菜、蕃茄豆皮悶煮到軟。 | 加入肉丸繼續小火滾。 | 盛出一人一份。,獅子頭。食材：豬絞肉12兩，洋蔥1個，荸薺20顆，蛋1個，麵粉2湯匙，木薯粉2湯匙，大白菜1棵，蕃茄2個，豆皮（厚）2片，栗子12個。做法：絞肉加入洋蔥、荸薺、盡力的攪拌，加入一個蛋、麵粉、木薯粉。，揉捏成丸子，放進微波爐（約3～4分鐘）定型。，鍋子內放入大白菜、蕃茄豆皮悶煮到軟。，加入肉丸繼續小火滾。，盛出一人一份。。,大白菜/475683_獅子頭.jpg
412379,涼拌大白菜～道地外省味兒,https://icook.tw/recipes/412379,大白菜、紅黃橘甜椒、青椒、醬油、韓國冬粉、蠔油、香菜、白醋or檸檬汁、花生、烏醋、白芝麻、韓式芝麻油、味淋、蒜末、薑泥,大白菜半顆 | 紅黃橘甜椒 | 青椒各1/4顆 | 韓國冬粉適量 | 香菜適量 | 花生適量 | 白芝麻適量 | 醬油3大匙 | 蠔油1大匙 | 白醋or檸檬汁4～6大匙 | 烏醋1～2大匙˙ | 韓式芝麻油2大匙 | 味淋2大匙 | 蒜末1大匙 | 薑泥1/2大匙,甜椒、青椒、大白菜洗淨、切絲！ | 調料備料。韓國冬粉熱水泡軟，切一刀，熱水中煮約3-5分鐘，試口感後撈起備用。 | 調料倒入白菜甜椒絲、韓國冬粉攪拌均勻，加入大量香菜拌勻！盛盤後加入適量花生、白芝麻！,涼拌大白菜～道地外省味兒。食材：大白菜半顆，紅黃橘甜椒，青椒各1/4顆，韓國冬粉適量，香菜適量，花生適量，白芝麻適量，醬油3大匙，蠔油1大匙，白醋or檸檬汁4～6大匙，烏醋1～2大匙˙，韓式芝麻油2大匙，味淋2大匙，蒜末1大匙，薑泥1/2大匙。做法：甜椒、青椒、大白菜洗淨、切絲！，調料備料。韓國冬粉熱水泡軟，切一刀，熱水中煮約3-5分鐘，試口感後撈起備用。，調料倒入白菜甜椒絲、韓國冬粉攪拌均勻，加入大量香菜拌勻！盛盤後加入適量花生、白芝麻！。,大白菜/412379_涼拌大白菜～道地外省味兒.jpg
478578,魚翅雞,https://icook.tw/recipes/478578,水、米酒、枸杞、紅棗、薑片、香菇、蝦米、魚翅、香菇水、雞腿肉、雪白菇、杏鮑菇、山東大白菜,水800毫升 | 米酒少許 | 枸杞少許 | 紅棗8顆 | 薑片5片 | 香菇3朵 | 蝦米少許 | 魚翅1盒 | 香菇水1碗 | 雞腿肉2盒 | 雪白菇1盒 | 杏鮑菇5根 | 山東大白菜1/2顆,雞腿肉洗淨後汆燙，汆燙後撈起洗淨備用 | 將食材洗淨切好備用 | 冷鍋熱油 | 放入蝦米炒香 | 放入香菇炒香 | 放入薑片炒香 | 放入雞腿肉炒出香味 | 倒入800毫升的水 | 倒入浸泡香菇的水後蓋上鍋蓋燜煮10-15分鐘 | 放入山東大白菜後稍微拌一下 | 加入枸杞和紅棗後蓋上蓋子燜煮5-10分鐘 | 加入雪白菇和杏鮑菇 | 加入魚翅後蓋上鍋蓋，大火煮滾後轉小火燜煮15-20分鐘，起鍋前加入調味即可 | 完成✅,魚翅雞。食材：水800毫升，米酒少許，枸杞少許，紅棗8顆，薑片5片，香菇3朵，蝦米少許，魚翅1盒，香菇水1碗，雞腿肉2盒，雪白菇1盒，杏鮑菇5根，山東大白菜1/2顆。做法：雞腿肉洗淨後汆燙，汆燙後撈起洗淨備用，將食材洗淨切好備用，冷鍋熱油，放入蝦米炒香，放入香菇炒香，放入薑片炒香，放入雞腿肉炒出香味，倒入800毫升的水，倒入浸泡香菇的水後蓋上鍋蓋燜煮10-15分鐘，放入山東大白菜後稍微拌一下，加入枸杞和紅棗後蓋上蓋子燜煮5-10分鐘，加入雪白菇和杏鮑菇，加入魚翅後蓋上鍋蓋，大火煮滾後轉小火燜煮15-20分鐘，起鍋前加入調味即可，完成✅。,大白菜/478578_魚翅雞.jpg
406100,大白菜炒韓式魚板,https://icook.tw/recipes/406100,大白菜、韓式魚板、紅蘿蔔、鹽、白胡椒、蒜頭,大白菜半顆 | 韓式魚板10片 | 紅蘿蔔些須 | 鹽一小匙 | 白胡椒一咪咪 | 蒜頭兩辨,將大白菜清洗乾淨切好 | 熱鍋下油將蒜丟入爆香 | 接著下大白菜 | 清炒一下後再倒入魚板 | 加一點點水悶鍋煮三分鐘後 | 下鹽跟白胡椒即可上盤。,大白菜炒韓式魚板。食材：大白菜半顆，韓式魚板10片，紅蘿蔔些須，鹽一小匙，白胡椒一咪咪，蒜頭兩辨。做法：將大白菜清洗乾淨切好，熱鍋下油將蒜丟入爆香，接著下大白菜，清炒一下後再倒入魚板，加一點點水悶鍋煮三分鐘後，下鹽跟白胡椒即可上盤。。,大白菜/406100_大白菜炒韓式魚板.jpg
397861,大白菜炒麵,https://icook.tw/recipes/397861,大白菜、蒜、紅蘿蔔、黑木耳、麵條、豬肉絲、魚露、太白粉、胡椒,大白菜1 | 蒜6-8 | 紅蘿蔔1 | 黑木耳5-6 | 麵條3 | 豬肉絲1 | 魚露1-2大匙 | 太白粉1 | 胡椒1,"豬肉絲用一點醬油 | 胡椒粉拌一下 | 放些水拌 | 讓肉吸光水 | 再拌些太白粉。

2.熱油鍋炒香蒜 | 放紅蘿蔔絲 | 切條大白菜 | 木耳絲拌炒 | 加些水 | 魚露1.5~~2大匙（3球麵的量）煮滾 | 放肉絲在上 | 蓋蓋燉煮到白菜軟 | 試味道 | 可調整加（鹽 | 胡椒 | 味霖）,  放川燙過3-4分鐘的麵條一起拌煮到收汁 | 好。","大白菜炒麵。食材：大白菜1，蒜6-8，紅蘿蔔1，黑木耳5-6，麵條3，豬肉絲1，魚露1-2大匙，太白粉1，胡椒1。做法：豬肉絲用一點醬油，胡椒粉拌一下，放些水拌，讓肉吸光水，再拌些太白粉。

2.熱油鍋炒香蒜，放紅蘿蔔絲，切條大白菜，木耳絲拌炒，加些水，魚露1.5~~2大匙（3球麵的量）煮滾，放肉絲在上，蓋蓋燉煮到白菜軟，試味道，可調整加（鹽，胡椒，味霖）,  放川燙過3-4分鐘的麵條一起拌煮到收汁，好。。",大白菜/397861_大白菜炒麵.jpg
472264,十分鐘上菜-白菜豆皮素食年菜,https://icook.tw/recipes/472264,山東大白菜、紅蘿蔔、香菇、食用油、豆皮、鹽巴、白胡椒粉,山東大白菜0.5顆 | 紅蘿蔔0.5根 | 香菇3朵 | 食用油1小匙 | 豆皮10片 | 鹽巴1小匙 | 白胡椒粉1小匙,煮一鍋水，山東大白菜撥開洗淨後泡入熱水中，藉由熱水川燙可以讓大白菜拌炒時加速熟化。 | 豆皮放入熱水中進行泡發動作，可以加速拌炒的時間。 | 加熱鍋具，倒入食用油，紅蘿蔔削皮，先切成片再切成細絲，放入鍋中爆香，香菇洗淨切細絲，放入鍋中爆香。 | 將川燙的山東大白菜放入鍋中拌炒。 | 將豆皮撈出，擠乾水份，放入鍋中拌炒。 | 加入鹽巴調味、白胡椒粉調香，稍加拌炒即可熄火盛盤上菜。 | 開動嘍！,十分鐘上菜-白菜豆皮素食年菜。食材：山東大白菜0.5顆，紅蘿蔔0.5根，香菇3朵，食用油1小匙，豆皮10片，鹽巴1小匙，白胡椒粉1小匙。做法：煮一鍋水，山東大白菜撥開洗淨後泡入熱水中，藉由熱水川燙可以讓大白菜拌炒時加速熟化。，豆皮放入熱水中進行泡發動作，可以加速拌炒的時間。，加熱鍋具，倒入食用油，紅蘿蔔削皮，先切成片再切成細絲，放入鍋中爆香，香菇洗淨切細絲，放入鍋中爆香。，將川燙的山東大白菜放入鍋中拌炒。，將豆皮撈出，擠乾水份，放入鍋中拌炒。，加入鹽巴調味、白胡椒粉調香，稍加拌炒即可熄火盛盤上菜。，開動嘍！。,大白菜/472264_十分鐘上菜-白菜豆皮素食年菜.jpg
477053,微辣黃金泡菜(五辛素),https://icook.tw/recipes/477053,山東大白菜、食鹽、胡蘿蔔、蘋果醋、豆腐乳、蒜頭、紅辣椒、砂糖、香油、薑黃粉、味精、冷水,山東大白菜1.4kg | 食鹽50g | 胡蘿蔔170g | 蘋果醋50g | 豆腐乳50g | 蒜頭40g | 紅辣椒20g | 砂糖20g | 香油20g | 薑黃粉5g | 味精5g | 冷水少許,取半顆大白菜（約重1.4kg），切去粗梗，然後切塊 | 加鹽醃漬軟化，反覆沖洗幾遍，試吃，然後控乾水分 | 調理機中加入胡蘿蔔、蒜頭、辣椒、豆腐乳、蘋果醋、砂糖、香油、薑黃粉、味精 | 加冷水打成細膩醬汁，水分越少越好 | 料汁與白菜抓揉均勻，試吃鹹淡 | 裝入瓶中，冷藏保存,微辣黃金泡菜(五辛素)。食材：山東大白菜1.4kg，食鹽50g，胡蘿蔔170g，蘋果醋50g，豆腐乳50g，蒜頭40g，紅辣椒20g，砂糖20g，香油20g，薑黃粉5g，味精5g，冷水少許。做法：取半顆大白菜（約重1.4kg），切去粗梗，然後切塊，加鹽醃漬軟化，反覆沖洗幾遍，試吃，然後控乾水分，調理機中加入胡蘿蔔、蒜頭、辣椒、豆腐乳、蘋果醋、砂糖、香油、薑黃粉、味精，加冷水打成細膩醬汁，水分越少越好，料汁與白菜抓揉均勻，試吃鹹淡，裝入瓶中，冷藏保存。,大白菜/477053_微辣黃金泡菜(五辛素).jpg
431828,千層白菜豬肉鍋,https://icook.tw/recipes/431828,梅花豬肉片、大白菜、高湯水或米酒、水、白胡椒、鹽巴,梅花豬肉片2盒 | 大白菜1顆 | 高湯水或米酒100毫升 | 水200毫升 | 白胡椒少許 | 鹽巴少許,"🔹所有肉片平鋪 | 均勻撒上鹽巴和白胡椒粉後靜置十五分鐘
🔹大白菜一片一片洗淨 | 一層豬肉一層白菜疊放 | 盡量切一樣的長度 | 擺起來比較整齊好看
🔹比較長或多餘的綠葉子塞在縫隙
🔹清酒100毫升（可改米酒或柴魚高湯）+200毫升的水倒入鍋中
🔹開中小火煮滾後再把火關小一點 | 燉煮30分鐘後撒上蔥花就可以上桌啦！","千層白菜豬肉鍋。食材：梅花豬肉片2盒，大白菜1顆，高湯水或米酒100毫升，水200毫升，白胡椒少許，鹽巴少許。做法：🔹所有肉片平鋪，均勻撒上鹽巴和白胡椒粉後靜置十五分鐘
🔹大白菜一片一片洗淨，一層豬肉一層白菜疊放，盡量切一樣的長度，擺起來比較整齊好看
🔹比較長或多餘的綠葉子塞在縫隙
🔹清酒100毫升（可改米酒或柴魚高湯）+200毫升的水倒入鍋中
🔹開中小火煮滾後再把火關小一點，燉煮30分鐘後撒上蔥花就可以上桌啦！。",大白菜/431828_千層白菜豬肉鍋.jpg
